nodeA,nodeB,relationship
9,8,1217567877
1,1,1217573801
13,1,1217606247
17,1,1217617639
48,2,1217618182
17,1,1217618239
19,9,1217618357
13,23,1217618560
13,11,1217618799
23,23,1217619360
35,33,1217620542
39,33,1217620597
43,22,1217620971
17,32,1217621272
39,40,1217621416
37,40,1217621670
45,45,1217621917
17,17,1217622124
49,13,1217623079
13,23,1217623216
50,37,1217623475
40,37,1217623560
55,8,1217623986
51,32,1217624788
60,2,1217625055
39,8,1217625808
59,59,1217625982
61,58,1217627137
25,61,1217627213
40,59,1217627573
2089740,61,1217627627
25,61,1217627708
59,59,1217627895
72,9,1217628719
61,39,1217629165
36,39,1217629413
146270,72,1217629643
34,39,1217629692
60,72,1217629931
17,72,1217629962
58,72,1217630083
26,26,1217632187
35,58,1217632427
26,58,1217632744
59,78,1217633503
72,48,1217633802
72,58,1217634210
71,48,1217634474
42,58,1217635015
86,58,1217635287
146637,37,1217636623
71,30,1217636664
80,87,1217636904
44,87,1217637056
146637,30,1217637238
59,30,1217637724
146637,59,1217637906
9,72,1217638074
70,30,1217638315
42,39,1217638366
17,48,1217638448
33,39,1217638634
17,83,1217639296
30,91,1217639333
93,58,1217640239
59,83,1217640270
86,78,1217641872
55,78,1217643717
80,83,1217644105
71,60,1217644489
50,2089740,1217644606
35,71,1217645534
50,91,1217645925
39,91,1217646128
96,91,1217646312
91,1,1217652372
71,62,1217653950
91,62,1217654301
48,91,1217654405
34,91,1217654557
71,91,1217655096
55,146637,1217657456
55,91,1217657873
34,105,1217659228
101,105,1217659445
91,91,1217659797
40,146637,1217660315
55,146637,1217660613
40,146637,1217661659
106,96,1217662955
109,109,1217663018
91,109,1217663268
40,91,1217664641
49,109,1217664942
91,71,1217666294
49,91,1217666986
55,106,1217667411
59,59,1217670222
58,59,1217670907
59,63,1217671224
50,59,1217672179
61,111,1217673813
59,61,1217674161
59,111,1217674894
100,91,1217675895
50,61,1217676714
5,32,1217679622
116,61,1217681517
116,106,1217682304
115,9,1217682410
119,91,1217682983
109,106,1217683413
80,115,1217688487
117,106,1217688536
122,115,1217688967
116,61,1217689702
115,146637,1217689705
124,49,1217691124
122,122,1217692728
118,115,1217695254
134,134,1217695860
91,134,1217695956
136,49,1217697714
135,25,1217697761
137,91,1217700355
137,40,1217701497
123,72,1217701847
136,91,1217705292
17,49,1217709957
144,2,1217714233
147,111,1217715663
49,71,1217716393
147,136,1217718642
50,147,1217721413
143,77,1217722692
150,83,1217723634
153,147,1217724148
136,151,1217724634
154,83,1217724890
156,61,1217725026
154,111,1217725450
86,2089740,1217726167
86,104,1217726481
157,13,1217726572
86,105,1217727034
161,147,1217728147
156,61,1217728170
156,154,1217728616
157,2089740,1217729032
154,78,1217729198
157,154,1217729200
156,134,1217732586
136,136,1217734845
154,25,1217739345
58,25,1217739908
163,49,1217743253
39,25,1217745430
149,91,1217745604
34,91,1217746269
116,157,1217747099
116,91,1217748123
111,91,1217749023
116,116,1217751456
76,91,1217752682
175,49,1217752796
175,83,1217753398
175,136,1217753629
156,61,1217755805
13,25,1217755970
173,172,1217758050
183,151,1217766140
154,184,1217768615
122,136,1217773734
33,172,1217775037
188,111,1217777697
91,143,1217788898
197,154,1217790558
197,191,1217791595
197,104,1217792076
117,115,1217792916
199,146637,1217793684
51,40,1217794341
200,59,1217794488
51,191,1217794945
34,115,1217796505
209,49,1217797021
206,32,1217797164
30,91,1217798840
111,199,1217799050
200,204,1217799549
46,91,1217800132
51,91,1217800638
91,111,1217800664
34,111,1217800760
27,111,1217801240
216,136,1217802112
205,192,1217802278
145,199,1217803642
173,91,1217803723
154,199,1217804359
192,192,1217804757
58,192,1217805163
199,199,1217805209
219,192,1217805907
192,192,1217806282
142,192,1217806431
34,192,1217806534
214,214,1217809891
51,214,1217810263
214,96,1217811990
175,214,1217812734
175,192,1217812967
157,79,1217813233
150,1384652,1217813547
229,79,1217813844
189,207,1217814009
175,143,1217814393
175,184,1217814737
157,157,1217815560
227,192,1217815858
227,9,1217817055
230,111,1217817408
1384652,1384652,1217819225
234,9,1217821233
233,233,1217821527
91,233,1217821727
234,233,1217823453
200,101,1217823896
204,204,1217824274
224,224,1217824277
60,186,1217824300
101,101,1217824585
93,238,1217825504
204,238,1217825730
34,93,1217826772
91,93,1217826895
233,233,1217828046
150,203,1217828666
91,203,1217828744
34,203,1217828862
34,58,1217829131
58,58,1217829137
159,101,1217829975
91,58,1217830016
153,203,1217830103
91,131,1217830848
200,131,1217831319
234,131,1217831533
234,203,1217831885
200,232,1217832767
243,60,1217833014
34,58,1217833066
137,58,1217833505
122,200,1217834580
243,60,1217834635
136,203,1217834655
55,34,1217834711
200,34,1217834728
91,200,1217835314
116,61,1217836312
91,246,1217837000
246,246,1217837223
244,78,1217837227
243,245,1217837234
206,204,1217837586
91,246,1217837697
206,60,1217838558
49,245,1217838691
101,91,1217841299
116,186,1217842209
200,145,1217842273
122,145,1217842600
1,233,1217843107
233,233,1217843655
55,85,1217846371
13,85,1217847892
1,233,1217849462
93,245,1217850305
231,91,1217850312
77,243,1217850520
234,234,1217850644
116,87,1217852519
46,231,1217853885
55,254,1217854793
227,254,1217854912
227,2,1217855416
234,254,1217855531
234,254,1217855682
13,13,1217856138
234,87,1217856382
55,13,1217856543
3,2,1217857180
116,85,1217857952
231,231,1217859177
257,104,1217861138
122,257,1217861331
1,67,1217862281
214,214,1217862896
116,236,1217863267
2090742,257,1217863615
86,260,1217865256
51,67,1217865857
51,260,1217866112
13,236,1217869815
227,233,1217870401
91,93,1217870825
39,93,1217871093
264,264,1217871664
227,91,1217872299
40,91,1217872346
267,91,1217872932
268,260,1217873031
46,9,1217873474
200,188,1217873688
267,188,1217873852
268,188,1217873994
2090742,188,1217874058
200,264,1217874314
188,188,1217874933
263,188,1217875187
91,120,1217875297
120,120,1217875919
275,120,1217876202
266,120,1217876583
267,280,1217876995
206,91,1217877107
60,281,1217878083
34,25,1217878104
275,281,1217878344
258,258,1217878849
188,280,1217878875
192,258,1217880032
120,120,1217881351
257,61,1217882141
48,281,1217882379
173,120,1217882634
149,258,1217882689
206,91,1217882882
34,230,1217883126
264,230,1217883305
268,1,1217883446
30,230,1217883604
206,87,1217883734
257,39,1217884187
91,292,1217884194
267,25,1217884263
48,292,1217884454
268,292,1217884679
46,194,1217885412
275,292,1217885712
35,91,1217886020
268,61,1217886296
25,192,1217886760
267,192,1217887009
192,192,1217887048
267,121,1217887164
91,200,1217887487
216,302,1217887879
91,312,1217887933
312,91,1217887957
268,2089740,1217888079
267,2089740,1217888080
39,2089740,1217888171
39,83,1217888509
313,109,1217888523
267,83,1217888588
29,83,1217888643
194,83,1217888799
17,30,1217888815
91,83,1217888903
267,2089740,1217888989
268,83,1217889064
17,2089740,1217889075
17,91,1217889451
199,2089740,1217889463
267,2089740,1217889489
91,83,1217889699
35,312,1217890002
35,91,1217890362
136,302,1217891002
269,302,1217891912
26,26,1217891985
206,83,1217892314
266,314,1217893011
91,60,1217893083
40,26,1217893180
34,314,1217893277
212,1,1217893806
225,149,1217893863
269,58,1217894408
60,58,1217894427
70,172,1217894440
35,149,1217894576
26,71,1217894737
58,58,1217894748
1384652,287,1217894906
45,230,1217895173
269,25,1217895386
60,123,1217896126
55,236,1217896437
307,91,1217896739
292,236,1217897493
40,58,1217897580
200,106,1217897786
304,200,1217897882
26,91,1217898050
333,331,1217898123
192,106,1217898237
60,331,1217898288
198,236,1217898860
296,106,1217899420
305,92,1217899573
269,92,1217899646
2089740,92,1217900085
35,106,1217900396
198,30,1217900655
269,214,1217901034
59,30,1217901683
83,83,1217901843
91,83,1217901972
27,27,1217902184
2089740,149,1217902229
199,136,1217902262
83,83,1217902382
304,214,1217902397
59,149,1217902403
149,149,1217902426
91,93,1217902773
34,93,1217902774
122,93,1217902968
313,143,1217904709
96,332,1217905661
313,93,1217906070
153,136,1217906552
92,117,1217908491
307,117,1217908700
58,117,1217908727
2089740,117,1217908897
332,25,1217908974
2089740,40,1217909174
122,117,1217909213
341,131,1217909229
71,40,1217909304
25,117,1217909371
271,117,1217909424
71,117,1217909454
271,40,1217909650
102,192,1217909782
199,117,1217909807
67,83,1217910170
52,117,1217910481
1384652,131,1217910524
318,117,1217910689
52,40,1217910838
52,83,1217911018
1384652,59,1217911085
173,230,1217911561
92,1384652,1217912051
318,186,1217912055
224,328,1217912058
192,328,1217912453
92,204,1217912519
52,25,1217912555
27,230,1217913257
225,230,1217913485
52,25,1217913527
1384652,91,1217913677
72,204,1217913794
117,204,1217913964
199,91,1217913989
52,204,1217914020
122,72,1217914138
207,204,1217914200
308,91,1217914552
116,91,1217914578
48,117,1217914754
3,230,1217914975
216,72,1217915111
275,230,1217915132
230,72,1217915266
91,340,1217915520
308,91,1217915551
52,340,1217915790
115,115,1217916435
316,340,1217916498
230,350,1217916605
91,350,1217916630
101,340,1217916829
183,25,1217917743
59,55,1217917974
92,303,1217919067
292,87,1217919171
137,314,1217919196
101,349,1217919252
91,349,1217919414
275,349,1217920355
137,137,1217921768
332,1,1217922176
137,131,1217922582
137,137,1217923050
307,234,1217923068
219,137,1217923392
234,117,1217923402
164,236,1217923670
234,117,1217923759
313,230,1217923890
234,32,1217923957
77,59,1217924070
157,303,1217924746
77,349,1217924774
307,230,1217925076
117,194,1217925154
357,349,1217925280
332,137,1217925576
292,194,1217925853
62,62,1217926165
358,234,1217927270
308,234,1217927724
205,91,1217928060
205,172,1217928902
116,30,1217930094
275,172,1217930424
87,172,1217930861
116,30,1217931115
2089740,36,1217931867
2089740,116,1217932023
30,30,1217933517
216,116,1217933842
30,242,1217934498
116,116,1217934833
26,242,1217935176
50,30,1217935683
275,242,1217935701
160,72,1217936173
303,81,1217936850
172,91,1217936955
50,81,1217936966
363,236,1217937390
157,115,1217937472
5,91,1217937583
122,81,1217937757
231,230,1217938031
198,91,1217938385
157,79,1217938855
342,79,1217938862
51,81,1217939043
328,194,1217939441
364,364,1217940207
328,79,1217940502
22,9,1217940863
46,36,1217941246
269,116,1217943810
116,116,1217944139
122,116,1217945995
269,2090742,1217946225
269,116,1217946460
269,122,1217947226
122,122,1217947514
227,195,1217947783
122,195,1217947914
195,51,1217948052
192,195,1217948213
5,116,1217948291
232,51,1217948521
116,2090742,1217948581
198,116,1217948652
122,51,1217948662
227,195,1217948756
192,195,1217948802
48,194,1217949725
342,63,1217950153
370,63,1217950639
298,91,1217950985
46,46,1217951795
137,116,1217952225
370,46,1217952658
369,116,1217952728
137,137,1217952749
332,116,1217953435
269,269,1217953540
91,369,1217954233
358,332,1217954635
266,372,1217954861
200,51,1217955423
188,46,1217955646
188,298,1217955907
200,298,1217955998
371,67,1217956071
269,298,1217956537
377,117,1217956665
259,372,1217956748
364,358,1217956820
372,358,1217956873
307,358,1217956975
377,298,1217957048
198,372,1217957382
383,298,1217958635
95,11,1217959307
266,372,1217960438
230,372,1217960828
369,83,1217961358
389,83,1217961869
91,383,1217962258
120,83,1217962456
383,193,1217962803
371,87,1217963081
372,373,1217963259
91,373,1217963261
200,373,1217963266
296,373,1217963673
136,193,1217964316
200,371,1217964320
200,383,1217964455
383,193,1217964512
200,340,1217964634
267,380,1217964760
193,193,1217964867
34,380,1217965027
120,380,1217965210
72,269,1217965231
287,269,1217965600
246,340,1217965637
383,396,1217965769
72,58,1217965784
227,371,1217965876
17,395,1217965907
48,193,1217965970
304,340,1217966015
266,395,1217966060
384,396,1217966214
40,340,1217966623
193,395,1217966625
34,383,1217967026
377,383,1217967135
26,383,1217967353
17,383,1217967519
156,116,1217967763
402,25,1217967856
380,111,1217967883
33,307,1217968007
396,396,1217968081
383,307,1217968086
225,383,1217968112
195,379,1217968147
25,307,1217968258
193,269,1217968820
307,193,1217968935
106,149,1217969007
259,394,1217969138
17,394,1217969147
91,383,1217969220
390,379,1217969243
51,111,1217969299
137,137,1217969830
140,25,1217969867
193,383,1217969932
91,383,1217970290
307,111,1217970404
410,25,1217970493
137,26,1217970792
140,26,1217970838
95,245,1217971042
149,192,1217971141
51,192,1217971166
170,307,1217971276
35,26,1217971394
409,91,1217971439
39,193,1217971453
51,67,1217971519
383,383,1217971601
121,91,1217971773
414,3394,1217971926
404,193,1217972172
402,25,1217972565
25,307,1217972838
409,91,1217973068
377,40,1217973116
67,67,1217973263
373,143,1217973370
377,95,1217973460
26,95,1217973535
304,307,1217973556
383,40,1217974122
72,95,1217974758
71,95,1217974781
26,95,1217975215
72,58,1217975430
275,143,1217975503
380,116,1217975541
383,116,1217975658
309844,116,1217975854
170,116,1217975856
266,91,1217976286
316,91,1217976306
275,379,1217976395
316,311,1217976435
2089740,79,1217976471
305,58,1217976490
91,58,1217976491
398,311,1217976537
402,91,1217976574
316,152,1217976605
383,277,1217976671
399,277,1217976959
312,277,1217977020
269,394,1217977164
2089740,152,1217977167
342,311,1217977361
269,277,1217977529
91,303,1217977596
200,58,1217977720
312,303,1217977862
269,307,1217977923
27,91,1217978138
422,340,1217978161
26,350,1217978516
157,307,1217978693
269,307,1217978786
1384652,307,1217978859
225,307,1217978860
157,3394,1217978921
428,350,1217979040
106,307,1217979131
312,417,1217979317
308,417,1217979350
152,428,1217979403
91,136,1217979403
341,303,1217979413
46,46,1217979635
77,136,1217979637
414,136,1217979791
72,308,1217979841
30,136,1217979875
91,308,1217979883
55,136,1217980146
91,136,1217980161
46,308,1217980171
50,136,1217980363
30,136,1217980395
285,136,1217980408
285,136,1217980488
71,71,1217980950
106,277,1217982025
238,131,1217982129
350,307,1217982201
431,303,1217982504
350,136,1217982924
17,136,1217983227
17,91,1217983560
373,136,1217983719
383,192,1217984472
225,434,1217985134
434,434,1217985691
383,434,1217985698
152,383,1217986118
380,434,1217986279
34,406,1217986316
380,406,1217986436
309844,406,1217986484
149,406,1217986527
383,406,1217986561
71,383,1217986575
72,406,1217986608
227,406,1217986680
423,406,1217986760
266,406,1217986763
225,383,1217986798
137,406,1217986830
357,383,1217986894
305,406,1217986898
434,383,1217987119
327,434,1217987129
305,432,1217987201
383,432,1217987205
34,432,1217987303
137,136,1217987386
45,432,1217987398
199,136,1217987409
36,17,1217987624
431,116,1217987687
342,91,1217987700
224,383,1217987823
383,357,1217987915
116,26,1217987966
71,357,1217988039
414,357,1217988070
25,406,1217988115
350,434,1217988548
414,45,1217988649
434,434,1217988671
92,45,1217988705
432,434,1217988887
225,434,1217988979
30,406,1217989117
423,45,1217989143
435,432,1217989309
34,45,1217989506
58,432,1217989709
404,357,1217989923
434,307,1217989960
116,432,1217990331
415,432,1217991312
383,184,1217991317
92,435,1217991352
423,72,1217991403
357,435,1217991545
304,435,1217991553
91,435,1217991579
432,431,1217991599
415,45,1217991614
116,75,1217991643
198,435,1217991826
25,396,1217991865
91,396,1217991927
36,396,1217991949
432,443,1217992103
404,396,1217992140
306,75,1217992155
289,447,1217992305
91,434,1217992349
306,431,1217992396
444,415,1217992412
269,431,1217992540
2089740,45,1217992563
308,447,1217992586
446,8,1217992710
383,33,1217992877
34,33,1217993013
308,396,1217993168
342,396,1217993186
237,307,1217993243
269,116,1217993256
34,415,1217993310
307,396,1217993481
45,33,1217993568
192,328,1217993581
39,437,1217993681
415,33,1217993850
234,447,1217994151
269,116,1217994211
30,116,1217994232
429,33,1217994368
75,116,1217994382
446,25,1217994553
289,448,1217994663
234,234,1217994780
318,448,1217994793
448,448,1217994799
271,304,1217994846
75,396,1217994942
419,33,1217994988
271,396,1217995052
449,437,1217995097
36,383,1217995161
453,396,1217995180
200,432,1217995355
269,432,1217995387
383,437,1217995487
36,383,1217995510
216,431,1217995830
383,116,1217995889
216,116,1217996012
274,232,1217996027
233,396,1217996526
116,116,1217996562
327,404,1217996625
449,206,1217996667
25,396,1217996670
360,422,1217996865
170,404,1217996878
307,396,1217996926
42,206,1217996979
72,116,1217996991
206,437,1217997121
99,396,1217997615
224,432,1217997624
116,381,1217997742
227,446,1217997917
455,25,1217997989
122,25,1217998152
1384652,454,1217998364
227,396,1217998500
271,454,1217998580
457,454,1217998943
453,434,1217999007
122,277,1217999009
1384652,277,1217999013
30,116,1217999052
376,277,1217999291
25,25,1217999596
103,381,1217999844
446,371,1217999849
306,85,1218000058
275,1384652,1218000865
431,431,1218000896
404,404,1218001027
92,1384652,1218001217
454,454,1218001240
71,404,1218001437
357,39,1218001669
419,51,1218001868
30,116,1218002286
332,406,1218003603
234,446,1218003720
432,116,1218004664
306,184,1218005383
124,362,1218005645
122,362,1218005822
92,58,1218006022
204,454,1218006334
204,58,1218006967
419,58,1218007463
188,25,1218007587
188,1384652,1218007776
99,145,1218008015
188,381,1218008403
432,362,1218008520
188,304,1218008761
429,861,1218010692
402,861,1218011293
457,324,1218011857
364,364,1218012825
313,32,1218012861
459,49,1218012862
49,100,1218012910
457,155,1218013018
49,434,1218013098
431,391,1218014669
468,350,1218014795
372,391,1218015097
2089740,358,1218015307
453,391,1218015337
2089740,439,1218015653
234,391,1218015801
369,358,1218015893
392,391,1218016322
358,358,1218016498
431,358,1218016816
457,147,1218016883
216,358,1218017535
116,358,1218017558
40,358,1218017615
369,358,1218017971
285,439,1218017996
431,271,1218018325
2089740,462,1218018463
116,58,1218018682
101,358,1218018755
116,58,1218018931
429,462,1218018950
2089740,58,1218018988
430,219,1218019438
92,58,1218019760
363,121,1218020236
153,219,1218020656
457,83,1218021052
404,277,1218021282
328,328,1218021902
430,30,1218022072
457,358,1218022399
49,404,1218023011
342,462,1218024297
342,291,1218024417
430,92,1218024517
101,358,1218024584
423,92,1218024795
122,92,1218024985
340,92,1218025126
101,358,1218025211
99,92,1218025789
101,280,1218026253
116,358,1218026556
116,92,1218026825
423,434,1218026980
358,116,1218027444
100,92,1218027628
91,327,1218028005
269,92,1218028071
372,291,1218028291
372,92,1218028828
86,219,1218028943
46,404,1218029223
232,232,1218029239
232,45,1218029952
95,434,1218030272
86,219,1218031996
278,92,1218032153
91,87,1218032492
373,358,1218032529
86,87,1218033809
445,475,1218034172
391,475,1218034362
341,475,1218034693
51,380,1218034930
95,434,1218035179
192,380,1218035300
39,291,1218035753
383,476,1218035969
265,476,1218036416
342,370,1218036494
51,192,1218037474
383,22,1218037813
91,479,1218037971
383,22,1218038431
383,230,1218038556
1384652,92,1218038559
143,143,1218038608
484,25,1218038925
482,439,1218038962
482,25,1218039123
383,439,1218039258
275,383,1218039755
445,383,1218039964
486,25,1218039976
383,192,1218040130
483,204,1218040250
377,204,1218040396
486,486,1218040862
487,383,1218041178
383,486,1218041521
383,231,1218041978
377,439,1218042170
246,204,1218042275
267,479,1218042325
491,25,1218042679
51,195,1218042894
489,1,1218043410
332,383,1218043884
491,91,1218044476
492,92,1218044694
493,479,1218044774
380,377,1218045195
364,46,1218045580
377,377,1218045792
486,25,1218046132
199,186,1218046368
383,186,1218046649
377,439,1218046768
489,493,1218046871
266,493,1218047081
267,493,1218047407
267,46,1218047666
488,186,1218047885
279,186,1218047917
155,155,1218049455
33,277,1218049588
33,195,1218049836
257,370,1218049855
279,122,1218050052
533,484,1218050150
489,503,1218050397
216,484,1218050506
192,383,1218050713
489,383,1218050754
51,503,1218051179
501,257,1218051712
507,503,1218053073
457,324,1218054008
164,219,1218054134
37,383,1218054222
370,46,1218054853
482,116,1218054908
20,357,1218054944
265,357,1218054964
37,357,1218054993
161,25,1218055061
475,277,1218055488
383,384,1218055500
75,384,1218055912
419,35,1218056248
34,547,1218056337
60,547,1218056387
383,35,1218056457
419,514,1218056623
60,35,1218056639
512,395,1218056779
60,514,1218056833
91,35,1218056879
308,514,1218056943
115,1384652,1218057273
91,1384652,1218057284
34,514,1218057334
230,395,1218057395
383,1384652,1218057501
26,1384652,1218057623
115,1384652,1218057757
186,35,1218057869
91,342,1218057940
277,116,1218057968
26,437,1218058093
396,342,1218058149
265,342,1218058184
30,342,1218058196
115,342,1218058223
518,25,1218058413
1384652,342,1218058413
136,1384652,1218058421
20,342,1218058535
35,342,1218058628
419,383,1218058749
91,383,1218058757
383,308,1218058820
507,383,1218058889
136,514,1218058976
518,58,1218059034
164,342,1218059200
266,527,1218059353
91,383,1218059821
48,383,1218059976
419,527,1218060015
448,383,1218060075
136,527,1218060146
437,383,1218060215
448,527,1218060217
519,35,1218060491
392,527,1218060510
443,479,1218060532
37,383,1218060661
83,49,1218060736
121,383,1218060750
529,25,1218060958
26,383,1218060992
383,437,1218061036
91,437,1218061089
86,362,1218061098
399,1388162,1218061440
116,437,1218061909
357,527,1218061931
83,91,1218061975
35,30,1218062001
193,517,1218062130
317,30,1218062263
83,91,1218062327
357,384,1218062330
71,30,1218062332
518,362,1218062446
414,517,1218062528
519,328,1218062539
414,230,1218062612
533,230,1218062634
534,91,1218062699
383,230,1218062769
538,131,1218062785
36,30,1218062801
91,479,1218062809
383,517,1218062869
124,124,1218063129
537,124,1218063212
423,44,1218063335
527,527,1218063494
35,517,1218063831
136,124,1218063845
536,234,1218064026
35,44,1218064364
58,58,1218064369
547,539,1218064415
543,362,1218064485
269,402,1218064521
91,402,1218064561
541,91,1218065299
25,92,1218065858
71,269,1218066180
1384652,269,1218066225
91,269,1218066268
271,269,1218066386
547,44,1218066399
71,534,1218066429
83,269,1218066527
122,556,1218066816
556,72,1218067176
501,136,1218067604
265,269,1218067825
514,556,1218068338
225,557,1218068633
116,44,1218068835
40,92,1218069153
432,381,1218069542
116,514,1218069610
106,557,1218069632
1384652,514,1218069657
383,514,1218069686
91,514,1218069741
35,404,1218070143
381,514,1218070371
437,514,1218070799
75,136,1218070892
82,551,1218070951
384,557,1218071065
50,91,1218071236
35,514,1218071266
83,381,1218071456
122,381,1218071553
35,549,1218071578
423,381,1218071654
35,205,1218072018
551,551,1218072029
205,205,1218072308
37,381,1218072405
116,547,1218072645
383,91,1218072674
394,83,1218072681
1384652,59,1218072709
91,479,1218072808
116,91,1218072830
384,479,1218072941
342,514,1218073037
194,91,1218073208
35,91,1218073239
430,527,1218073273
563,83,1218073401
35,560,1218073495
373,514,1218073609
116,423,1218073763
35,423,1218073908
116,547,1218074063
35,547,1218074067
51,547,1218074145
26,83,1218074157
431,547,1218074376
370,406,1218074380
306,1384652,1218074423
51,1384652,1218074542
100,1384652,1218074548
116,1384652,1218075051
402,163,1218075193
551,381,1218075195
206,1384652,1218075330
93,59,1218075366
547,547,1218075593
26,26,1218075821
453,26,1218075937
117,1384652,1218076150
35,122,1218076164
567,49,1218076261
560,122,1218076271
309844,1384652,1218076489
205,205,1218076562
51,76,1218076634
521,308,1218076647
533,76,1218076718
86,547,1218076912
35,560,1218077285
419,560,1218077375
556,30,1218077634
383,423,1218077774
525,1384652,1218077973
402,163,1218077990
533,560,1218078118
560,560,1218078453
233,514,1218078931
419,121,1218079026
91,121,1218079079
521,121,1218079140
35,121,1218079156
342,269,1218079223
402,163,1218079330
206,423,1218079407
322,42,1218079524
91,269,1218079647
51,443,1218079829
35,443,1218079850
77,163,1218080252
538,59,1218080695
571,76,1218081576
571,234,1218081780
383,162,1218081831
414,162,1218082313
422,572,1218082535
556,514,1218082756
574,136,1218083425
571,486,1218083594
206,514,1218084351
5,230,1218084467
17,571,1218084500
527,572,1218084538
206,575,1218084649
17,575,1218084682
501,358,1218085707
59,271,1218086226
189,1384652,1218086593
322,42,1218086809
525,525,1218086997
580,91,1218087028
116,307,1218087520
34,46,1218087809
580,358,1218088267
571,83,1218088295
136,13,1218088452
571,571,1218088574
206,83,1218088816
161,25,1218088836
457,83,1218089161
582,292,1218089383
457,122,1218089555
83,83,1218089615
571,369,1218090561
483,1384652,1218090681
582,1384652,1218090832
83,83,1218090995
172,369,1218091018
17,556,1218091243
116,369,1218091247
350,576,1218091590
34,83,1218091726
571,253,1218091786
493,517,1218092018
1199387,453,1218092593
419,369,1218092911
582,556,1218093543
527,235,1218093641
590,453,1218093912
586,131,1218093913
423,551,1218093999
582,588,1218094039
26,551,1218094056
493,551,1218094138
588,588,1218094252
501,116,1218094278
188,488,1218094307
423,50,1218094349
432,381,1218094461
493,453,1218094536
122,488,1218094664
551,551,1218094742
590,50,1218094763
26,551,1218094898
91,55,1218094976
590,551,1218094991
493,551,1218095137
527,1384652,1218095218
590,1384652,1218095333
560,423,1218095547
493,519,1218095720
242,50,1218095748
419,551,1218095786
541,443,1218096076
423,392,1218096356
419,392,1218096382
92,122,1218096557
592,50,1218096591
357,551,1218096636
429,91,1218096802
493,91,1218096955
429,122,1218096981
550,91,1218097105
541,590,1218097213
527,55,1218097266
136,484,1218097356
582,484,1218097745
419,162,1218097783
136,364,1218098405
40,50,1218098425
422,364,1218098874
30,357,1218099115
552,357,1218099167
560,357,1218099317
590,111,1218099351
206,162,1218100606
522,590,1218100655
26,106,1218100998
206,55,1218101074
582,121,1218101252
17,34,1218101402
34,358,1218101419
522,358,1218101558
122,358,1218101590
116,522,1218101596
204,358,1218101645
17,45,1218101728
360,91,1218101909
522,358,1218101937
17,358,1218102006
122,358,1218102026
560,91,1218102052
493,358,1218102239
122,358,1218102332
17,1525924,1218102376
235,358,1218102478
493,1525924,1218102528
360,55,1218102561
598,1525924,1218102593
419,20207,1218103173
430,50,1218103261
598,571,1218103444
493,522,1218103715
157,522,1218103995
116,522,1218104695
271,522,1218106061
462,121,1218106624
264,131,1218106937
55,264,1218107095
198,122,1218107310
308,358,1218107697
198,122,1218107780
117,264,1218108047
308,396,1218108218
202,264,1218108322
528,525,1218108610
55,525,1218108728
533,358,1218108764
264,369,1218109488
60,525,1218109665
49,525,1218109734
352,525,1218109738
404,396,1218109854
231,369,1218109989
533,369,1218110009
113,525,1218110014
389,131,1218110067
369,369,1218110423
40,264,1218110734
534,522,1218110799
342,525,1218110844
528,25,1218111035
598,364,1218111152
574,307,1218111954
202,525,1218112045
332,423,1218112098
574,92,1218112385
522,92,1218112526
536,404,1218112818
9,404,1218112950
121,525,1218113146
358,307,1218113340
404,202,1218113640
51,202,1218113697
60,51,1218113752
489,202,1218113775
278,95,1218113905
77,51,1218114093
100,51,1218114271
476,476,1218114594
266,307,1218115231
476,202,1218115548
264,202,1218115557
231,51,1218115599
259,370,1218116428
422,100,1218117207
380,349,1218118675
122,235,1218118706
198,235,1218118909
488,488,1218119102
227,202,1218119877
193,51,1218120024
137,92,1218120461
227,192,1218121314
46,46,1218121804
383,202,1218122396
358,17,1218122547
116,192,1218123016
116,192,1218124029
383,267,1218124654
116,192,1218124657
383,86,1218126224
605,267,1218126658
342,383,1218127408
342,383,1218128182
486,92,1218128667
267,383,1218128998
486,192,1218129200
100,486,1218129937
612,189,1218131063
608,350,1218131073
170,381,1218131104
49,95,1218131550
608,588,1218131611
267,609,1218132501
480,501,1218132644
445,91,1218132935
33,227,1218132971
419,202,1218133089
617,501,1218133101
618,116,1218133316
611,522,1218133494
618,145,1218133816
608,332,1218133838
618,121,1218134123
615,202,1218135651
489,383,1218135822
267,383,1218135851
608,383,1218135854
40,402,1218136005
615,383,1218136142
493,380,1218136489
267,383,1218136822
267,383,1218137222
489,384,1218137390
619,383,1218137418
383,384,1218137459
34,384,1218137467
267,384,1218137478
34,383,1218137542
489,383,1218137704
267,383,1218137944
51,383,1218138109
238,307,1218138126
93,384,1218138439
267,608,1218138509
267,307,1218138724
287,287,1218138797
383,406,1218139027
75,406,1218139189
588,406,1218139217
287,634,1218139501
486,381,1218139526
410,25,1218139594
267,406,1218139632
360,381,1218139863
615,17,1218139866
26,637,1218139966
267,637,1218139978
309844,634,1218140017
383,637,1218140046
309844,637,1218140074
91,637,1218140142
557,637,1218140148
645,39,1218140247
137,406,1218140265
556,637,1218140897
206,91,1218141089
341,637,1218141134
157,287,1218141450
444,637,1218141617
576,576,1218141621
92,381,1218142611
341,381,1218142839
194,381,1218142882
83,637,1218142892
390,381,1218142919
634,381,1218143535
227,205,1218143684
547,637,1218144154
271,381,1218144156
462,381,1218144669
519,274,1218144966
123,91,1218146300
275,390,1218146355
51,390,1218146408
527,539,1218146505
177,177,1218146569
194,75,1218146656
102,75,1218146687
501,75,1218146707
658,75,1218146867
309844,75,1218146970
309844,547,1218147852
274,274,1218148075
657,637,1218148982
309844,547,1218149255
55,483,1218149836
271,323,1218149911
106,323,1218150004
312,323,1218150120
20,547,1218150718
304,527,1218150960
199,323,1218150997
636,567,1218151150
60,67,1218151174
309844,483,1218151442
122,350,1218151600
22,26,1218151714
567,626,1218151846
673,323,1218152089
666,323,1218152179
122,670,1218152185
22,26,1218152222
71,350,1218152288
613,431,1218152310
574,26,1218152375
26,673,1218152976
613,1384652,1218153043
22,518,1218153051
1384652,518,1218153098
96,666,1218153114
404,288,1218153301
676,673,1218153363
58,673,1218153478
122,518,1218153730
609,673,1218153854
676,1384652,1218153865
1384652,404,1218154025
676,518,1218154214
194,404,1218154415
676,567,1218154501
657,673,1218154778
92,673,1218154835
414,527,1218154863
673,92,1218155089
414,92,1218155128
660,1384652,1218155410
92,92,1218155460
383,404,1218155594
99,637,1218155600
673,406,1218155610
315,41,1218155885
283,404,1218155962
439,681,1218156120
541,567,1218156167
383,657,1218156181
673,116,1218156279
383,404,1218156478
660,431,1218156521
414,527,1218156587
682,637,1218156609
430,277,1218156739
235,287,1218156818
238,277,1218156890
521,350,1218156951
383,350,1218156996
194,296,1218157361
619,116,1218157368
383,296,1218157428
541,296,1218157502
521,296,1218157653
383,422,1218157734
383,1384652,1218157923
673,318,1218157967
536,350,1218158146
576,576,1218158276
547,318,1218158309
861,670,1218158314
676,318,1218158316
680,116,1218158339
25,682,1218158437
392,404,1218158511
238,576,1218158554
51,193,1218158590
225,377,1218158649
137,404,1218158656
116,422,1218158747
438,350,1218158747
50,318,1218158767
59,318,1218158775
341,1384652,1218158884
556,116,1218159077
861,682,1218159493
5,116,1218159510
680,556,1218159653
122,682,1218159882
567,563,1218160422
267,431,1218160537
86,318,1218160540
521,5,1218160607
666,666,1218160798
51,5,1218160858
26,5,1218160865
383,5,1218160920
198,670,1218160949
116,556,1218160977
636,556,1218161158
649,637,1218161735
225,383,1218161831
205,111,1218161867
137,264,1218162000
574,637,1218162034
521,111,1218162048
225,326,1218162145
404,326,1218162156
267,439,1218162349
162,383,1218162357
5,637,1218162381
111,111,1218163016
75,429,1218163416
304,429,1218163650
430,147,1218163939
283,383,1218164196
22,26,1218164541
91,572,1218164695
283,383,1218164893
431,572,1218165055
394,572,1218165306
383,383,1218165404
636,26,1218165564
116,422,1218165752
26,26,1218165947
667,383,1218166272
26,357,1218166292
326,326,1218166301
377,357,1218166402
383,357,1218166451
350,357,1218166511
292,357,1218166532
173,618,1218166747
308,357,1218167143
283,383,1218167179
267,357,1218167547
122,357,1218167691
501,676,1218167840
122,106,1218167860
380,357,1218168027
204,572,1218168144
667,51,1218168150
204,318,1218168519
380,398,1218168557
380,680,1218168627
216,680,1218168688
233,83,1218168721
204,673,1218168948
422,422,1218169098
357,556,1218169129
521,556,1218169211
414,106,1218169233
204,71,1218169240
5,83,1218169261
380,327,1218169271
227,556,1218169345
91,556,1218169435
108,680,1218169466
92,556,1218169507
25,680,1218169526
5,556,1218169601
341,71,1218169606
327,327,1218169619
267,122,1218169954
608,556,1218170129
71,556,1218170346
357,572,1218170463
518,122,1218170519
227,122,1218170617
227,572,1218170953
311,357,1218171060
267,327,1218171288
234,357,1218171501
267,357,1218171684
234,357,1218171756
50,383,1218172036
636,556,1218172194
622,92,1218172374
611,556,1218172585
267,327,1218172649
611,357,1218173036
615,435,1218173041
137,556,1218173125
137,556,1218173332
71,556,1218173348
137,556,1218173477
267,207,1218173543
13,357,1218173596
429,680,1218173748
267,659,1218173940
402,659,1218173944
304,219,1218173952
233,659,1218174199
92,659,1218174318
71,58,1218174595
234,659,1218174726
25,25,1218174745
332,659,1218174963
521,590,1218175734
615,590,1218176001
312,312,1218176167
550,117,1218176504
60,556,1218176577
697,636,1218176779
493,691,1218177406
493,698,1218177867
697,383,1218178077
202,590,1218178153
698,698,1218178232
493,173,1218178642
49,17,1218178955
493,698,1218179021
49,435,1218179228
574,590,1218179704
624,697,1218180266
699,556,1218180346
522,861,1218180664
108,861,1218180921
122,861,1218181205
519,350,1218181804
611,861,1218182449
645,861,1218182504
574,547,1218182771
358,556,1218182984
100,122,1218183118
660,547,1218183236
534,861,1218183386
463,122,1218183541
493,122,1218183662
608,91,1218183802
645,91,1218184166
364,364,1218184325
372,659,1218185098
702,350,1218185760
463,861,1218185793
419,697,1218187177
206,861,1218187307
358,106,1218187328
699,25,1218188214
571,219,1218188388
590,615,1218189636
581,615,1218189869
116,615,1218189895
699,573,1218190189
285,111,1218191107
493,463,1218191302
653,404,1218191730
26,668,1218192083
77,219,1218193574
67,668,1218193725
61,653,1218193969
285,34,1218194174
67,67,1218194331
653,439,1218194340
396,122,1218194552
699,573,1218194573
657,653,1218194889
257,703,1218195205
61,703,1218195351
657,115,1218196094
292,288,1218196545
60,67,1218196591
457,257,1218196835
50,653,1218196837
106,257,1218196882
457,117,1218197282
493,493,1218197420
50,117,1218197436
342,653,1218197452
534,703,1218197921
653,364,1218198067
266,307,1218198463
364,364,1218199323
380,143,1218199608
423,364,1218199914
1199387,358,1218200112
108465,116,1218200793
116,117,1218200840
1199387,659,1218200989
108465,522,1218201080
267,108465,1218201374
615,108465,1218201443
257,568,1218201581
188,615,1218201950
364,568,1218202010
486,568,1218202128
108465,568,1218202199
573,573,1218202398
699,573,1218203070
380,327,1218203324
699,116,1218203332
580,357,1218203474
358,568,1218203541
716,463,1218203858
267,568,1218203928
714,703,1218204430
33,713,1218204836
714,380,1218206779
718,327,1218206970
381,568,1218207279
383,327,1218207877
100,713,1218209847
200,327,1218210866
170,137,1218212437
615,383,1218213040
580,81,1218213566
194,133,1218214191
383,1384652,1218215252
383,191,1218217421
614,1384652,1218217502
342,1384652,1218217890
619,191,1218218120
614,133,1218218247
267,58,1218218536
238,108465,1218218784
267,191,1218218902
200,1384652,1218220416
267,58,1218220460
341,115,1218221322
267,383,1218221976
206,108465,1218221980
214,91,1218222001
621,191,1218222055
721,2,1218223040
40,115,1218223625
493,133,1218223717
512,627,1218223737
721,133,1218223765
493,726,1218224116
257,1384652,1218224153
48,1384652,1218224182
34,1384652,1218224187
267,1384652,1218224202
729,1384652,1218224237
267,730,1218224833
257,1384652,1218224835
493,267,1218224889
733,512,1218225196
728,108465,1218225240
733,730,1218225391
267,267,1218225423
59,512,1218225425
493,512,1218225469
573,512,1218225519
493,267,1218225786
383,556,1218225818
34,721,1218225976
59,58,1218226023
475,721,1218226120
30,58,1218226213
702,133,1218226311
357,556,1218226714
493,721,1218226718
740,267,1218227020
741,133,1218227091
493,733,1218227325
533,342,1218227403
194,733,1218227436
383,733,1218227490
740,162,1218227550
59,726,1218227761
299,71,1218227807
740,71,1218227931
721,1384652,1218228004
1384652,396,1218228055
482,1384652,1218228071
309844,394,1218228103
36,396,1218228129
721,396,1218228176
745,394,1218228446
309844,394,1218228683
567,1384652,1218228722
342,342,1218228749
740,76,1218228806
257,342,1218228875
437,1384652,1218228895
501,159,1218229000
35,396,1218229018
517,396,1218229051
372,721,1218229139
383,726,1218229186
299,726,1218229249
372,396,1218229276
626,726,1218229380
214,428,1218229451
507,205,1218229472
740,726,1218229556
567,383,1218229669
20,396,1218229690
507,396,1218229707
204,383,1218229713
106,383,1218229935
627,733,1218230108
726,383,1218230149
430,726,1218230228
106,482,1218230469
309844,394,1218230511
106,396,1218230690
567,383,1218230897
267,383,1218230932
748,404,1218230944
372,445,1218231708
567,445,1218231733
30,556,1218231975
383,556,1218232026
573,383,1218232109
20,556,1218232192
726,556,1218232200
419,445,1218232230
106,556,1218232248
35,556,1218232295
235,235,1218232392
377,191,1218232783
636,726,1218233404
751,726,1218234035
735,703,1218234641
312,703,1218234674
37,703,1218234864
729,35,1218234868
676,703,1218235044
729,556,1218235289
423,758,1218235341
676,758,1218235452
423,556,1218235499
302,758,1218235572
567,758,1218235596
121,758,1218235686
722,758,1218235781
756,445,1218235909
519,225,1218236003
299,225,1218236038
757,758,1218236091
726,703,1218236095
636,699,1218236158
722,703,1218236304
42,861,1218236316
636,755,1218236398
580,195,1218237557
214,81,1218237653
617,617,1218237888
525,525,1218238649
517,702,1218238714
619,754,1218238843
302,754,1218238889
419,702,1218239070
758,754,1218239088
309844,745,1218239150
726,754,1218239255
573,1384652,1218239388
32,1384652,1218239394
72,1384652,1218239423
205,1384652,1218239457
580,861,1218239630
42,1384652,1218239670
573,726,1218239689
758,1384652,1218239723
267,763,1218239773
116,726,1218239816
765,1384652,1218239996
726,726,1218240236
122,1384652,1218240273
327,327,1218240374
34,1384652,1218240578
756,1384652,1218240627
726,1384652,1218240683
758,59,1218240744
267,702,1218240778
55,1384652,1218240829
758,204,1218240926
527,726,1218241201
192,615,1218241624
721,702,1218241686
617,322,1218241790
32,1384652,1218241792
40,322,1218241797
106,702,1218241827
619,322,1218241895
122,322,1218241921
350,322,1218241932
40,1384652,1218242026
758,556,1218242120
756,756,1218242140
419,556,1218242222
328,1384652,1218242232
12081,702,1218242428
404,756,1218242478
58,58,1218242763
42,327,1218243127
30,322,1218243149
632,756,1218243924
194,721,1218244023
312,721,1218244195
235,396,1218244410
574,673,1218244643
727,72,1218244893
257,726,1218245055
380,721,1218245117
32,267,1218245205
302,91,1218245353
637,72,1218245485
308,770,1218246840
383,257,1218246881
56,147,1218248325
56,666,1218248700
419,396,1218248811
423,257,1218248835
423,396,1218249057
573,204,1218249058
267,56,1218249631
700,358,1218250068
419,56,1218250214
419,56,1218250913
299,56,1218251099
341,115,1218251382
341,58,1218251905
431,58,1218251938
758,462,1218252263
341,722,1218252498
729,235,1218252529
758,122,1218252904
763,204,1218253092
729,563,1218253319
58,58,1218253463
571,56,1218254206
721,779,1218254271
571,763,1218254469
637,763,1218254612
419,779,1218254698
56,56,1218254918
758,122,1218256268
773,188,1218256658
423,576,1218257093
521,576,1218257182
419,576,1218257308
521,357,1218257409
773,568,1218257415
91,357,1218257495
784,56,1218258134
726,754,1218258422
521,680,1218258441
726,680,1218258753
285,680,1218259219
303,785,1218259228
571,56,1218259246
581,357,1218260011
137,147,1218260096
91,560,1218260106
726,357,1218260146
541,560,1218261525
243,560,1218261588
489,560,1218261649
726,59,1218261654
137,232,1218261677
224,101,1218261947
137,264,1218262632
419,232,1218262884
573,527,1218263215
527,527,1218263604
234,503,1218263684
92,527,1218264153
615,779,1218265504
714,307,1218266557
384,56,1218266978
737,122,1218268006
304,122,1218268877
488,609,1218268998
384,784,1218269546
137,763,1218269557
727,755,1218270525
429,658,1218270573
429,784,1218270737
781,92,1218271027
588,784,1218272733
234,784,1218272944
106,233,1218273012
234,785,1218273458
588,56,1218273629
372,307,1218273692
791,92,1218273834
271,797,1218274188
234,357,1218274273
122,797,1218274661
67,797,1218274682
792,797,1218274856
680,680,1218275133
613,797,1218275143
13,658,1218275365
122,797,1218275414
796,91,1218275475
797,797,1218275598
464,680,1218275662
784,658,1218275701
792,680,1218275767
372,797,1218275906
796,91,1218276011
233,797,1218276464
796,203,1218277334
796,59,1218277723
457,797,1218278890
797,797,1218279575
106,573,1218279843
305,796,1218280351
810,573,1218280772
544,797,1218281146
863,797,1218282049
488,680,1218282281
797,796,1218282289
810,637,1218282542
316,27687,1218282719
13,27687,1218282864
795,796,1218283211
797,27687,1218283270
813,103,1218283538
795,637,1218283860
825,85,1218285013
796,103,1218285038
699,637,1218285195
816,816,1218285350
423,810,1218285896
810,810,1218286012
464,810,1218286095
813,103,1218286101
404,27687,1218286320
103,103,1218287422
825,634,1218287652
782,573,1218287814
816,27687,1218288199
813,103,1218288612
92,782,1218288830
831,573,1218289020
813,1384652,1218289340
571,797,1218289810
832,92,1218289949
122,782,1218290434
464,1384652,1218290444
1384652,796,1218290466
714,493,1218290517
719,117,1218290527
795,103,1218290744
122,816,1218291484
834,27687,1218292889
782,117,1218293178
383,1384652,1218293381
198,728,1218293431
835,637,1218293607
383,810,1218294410
719,796,1218294715
837,92,1218295025
56,1384652,1218295750
56,831,1218296118
383,233,1218296851
571,832,1218297504
122,718,1218298047
304,816,1218298570
573,782,1218299608
573,307,1218300037
364,133,1218300902
706,91,1218303246
838,202,1218304046
342,342,1218304200
488,78,1218305218
838,33,1218305764
475,770,1218306441
383,257,1218306815
192,133,1218307285
810,770,1218308613
417,770,1218308658
810,33,1218309192
417,133,1218309193
810,133,1218309955
810,718,1218310482
573,527,1218310639
274,718,1218311099
146270,770,1218311234
146270,133,1218311432
727,91,1218311501
108,27687,1218312186
146270,560,1218312196
614,27687,1218312819
834,770,1218312864
91,27687,1218312996
257,257,1218313441
11944,192,1218313679
483,770,1218313974
457,797,1218314930
11944,192,1218315017
493,837,1218315518
493,718,1218316307
475,718,1218316642
758,247,1218316783
383,493,1218317327
791,326,1218317348
507,493,1218317511
108,493,1218317805
11944,486,1218317866
111,493,1218318000
447,770,1218318032
358,797,1218318381
137,770,1218318761
1525924,133,1218319301
358,745,1218319994
381,527,1218320729
840,854,1218322359
419,493,1218322635
200,25,1218322660
506,770,1218322724
381,92,1218324485
383,493,1218324595
304,797,1218324692
200,25,1218326216
200,852,1218326393
304,493,1218326950
106,381,1218326965
25,25,1218327048
578,852,1218327540
856,770,1218327572
380,381,1218329230
657,381,1218329690
573,381,1218330026
91,770,1218330117
20,381,1218330309
653,232,1218330912
430,527,1218332507
382494,637,1218332639
755,852,1218333096
755,361,1218333529
380,493,1218335691
380,493,1218336684
198,837,1218338295
452120,861,1218338820
381,380,1218340235
308,380,1218340701
527,380,1218340874
122,380,1218341855
419,631,1218344682
714,852,1218345192
714,797,1218346032
631,631,1218346178
419,636,1218346327
489,396,1218348020
398,396,1218348051
714,755,1218348541
699,852,1218349590
795,810,1218349925
291,396,1218350382
872,755,1218351160
106,396,1218351746
615,799,1218352345
873,91,1218352545
63,571,1218353794
483,91,1218354301
358,380,1218354437
358,381,1218354815
122,752,1218354896
483,380,1218355429
775,799,1218355500
799,863,1218355559
872,752,1218357042
687,230,1218357065
122,752,1218357139
2521991,609,1218357582
430,86,1218359072
781,377,1218359340
781,831,1218359586
541,831,1218360522
533,534,1218361107
534,91,1218362120
430,527,1218363130
358,493,1218363576
13,493,1218365002
106,876,1218366176
13,755,1218366788
611,91,1218367292
369,369,1218367576
116,369,1218368076
611,755,1218368099
116,493,1218368503
872,755,1218370263
872,493,1218370903
872,369,1218375647
878,100,1218376782
878,147,1218377419
872,571,1218378122
92,100,1218378313
193,571,1218378374
878,87,1218378458
373,571,1218378475
883,122,1218378761
878,340,1218380072
341,876,1218380362
697,327,1218380579
13,147,1218380913
891,888,1218381100
888,381,1218381230
872,571,1218381434
13,381,1218382006
51,889,1218382070
1,889,1218382132
878,636,1218382648
878,373,1218383157
891,373,1218383208
872,373,1218383212
608,373,1218383313
897,636,1218383327
571,889,1218383489
714,888,1218384204
872,571,1218384507
51,889,1218385222
714,889,1218385448
878,889,1218385496
842,381,1218385605
755,571,1218385634
358,571,1218388277
878,653,1218388979
49,571,1218389321
914,2089740,1218390276
891,381,1218392850
274,721,1218394408
891,797,1218394477
740,916,1218395213
371,917,1218395837
722,274,1218397645
748,571,1218397768
919,571,1218398339
224,274,1218398497
205,799,1218399320
618,799,1218400593
342,852,1218401143
922,371,1218402091
147,916,1218402254
33,274,1218403688
199,916,1218403741
885,797,1218404148
33,889,1218404396
923,527,1218405062
419,916,1218407035
905,91,1218407063
809,916,1218407127
905,371,1218407677
657,889,1218407845
853,916,1218408358
852,852,1218410110
758,916,1218411683
927,164,1218412719
740,799,1218412770
740,799,1218412888
267,758,1218414189
2521991,925,1218414530
758,758,1218414604
814,814,1218415354
905,51,1218415394
758,758,1218415475
881,573,1218415762
905,8,1218416067
194,573,1218416294
266,573,1218416435
729,917,1218416874
872,568,1218416956
92,573,1218417454
145,145,1218417461
878,573,1218417557
758,755,1218417984
145,145,1218418003
872,755,1218418176
791,568,1218418747
853,755,1218419001
207,207,1218419132
931,198,1218419946
207,755,1218420308
872,573,1218420879
122,573,1218421356
872,916,1218421558
146270,371,1218422118
905,755,1218422215
146270,274,1218422314
146270,886,1218422486
116,573,1218423207
940,145,1218423518
116,198,1218424248
145,145,1218424707
885,573,1218425304
885,755,1218425718
931,755,1218426115
233,233,1218426740
872,233,1218427041
1975282,636,1218427496
1975282,91,1218427716
234,755,1218428003
803,755,1218428664
234,277,1218433260
383,145,1218433628
193,905,1218433985
122,573,1218434103
943,573,1218434354
608,945,1218435099
550,277,1218435399
1228206,373,1218436706
872,493,1218438140
234,573,1218440142
486,277,1218440998
493,116,1218441234
748,636,1218441507
953,49,1218441566
486,796,1218442136
733,889,1218442374
486,876,1218443025
150,150,1218443600
795,876,1218443758
615,856,1218443929
49,856,1218444055
940,145,1218444161
206,233,1218444310
952,856,1218444345
716,889,1218445260
951,573,1218445666
486,58,1218445770
234,136,1218445786
486,46,1218446502
430,925,1218446533
157,145,1218447096
486,59,1218447486
1975282,889,1218448361
785,785,1218448752
680,680,1218449515
122,556,1218450435
122,556,1218450712
567,925,1218451135
122,889,1218451390
231,234,1218453638
954,568,1218453667
61,813,1218453709
615,234,1218453907
486,556,1218454002
61,888,1218454168
242,856,1218454608
781,770,1218454871
234,841,1218455373
342,493,1218456280
713,556,1218456887
63,61,1218457132
872,797,1218457188
872,61,1218457887
224,708,1218458106
108465,916,1218458180
716,61,1218458327
872,959,1218458640
959,959,1218458735
373,856,1218459099
959,122,1218459374
